Name,Sport,Date,Start time,Duration,Total distance (km),Average heart rate (bpm),Average speed (km/h),Max speed (km/h),Average pace (min/km),Max pace (min/km),Calories,Fat percentage of calories(%),Average cadence (rpm),Average stride length (cm),Running index,Training load,Ascent (m),Descent (m),Average power (W),Max power (W),Notes,Height (cm),Weight (kg),HR max,HR sit,VO2max,
Anton Antonov  ,BOOTCAMP,25-11-2025,10:48:59,0:16:46,0.00,148,,,,,199,,,,,,,,,,"5 rounds of
15 russian kb swings @ 32kg
120,100,80,60,40 DUs
3 wall walks

time: b/n 12:30 and 12:45",None,None,177,,,
Sample rate,Time,HR (bpm),Speed (km/h),Pace (min/km),Cadence,Altitude (m),Stride length (m),Distances (m),Temperatures (C),Power (W),
1,00:00:01,89,,,,,,,,,
,00:00:02,87,,,,,,,,,
,00:00:03,86,,,,,,,,,
,00:00:04,85,,,,,,,,,
,00:00:05,82,,,,,,,,,
,00:00:06,82,,,,,,,,,
,00:00:07,81,,,,,,,,,
,00:00:08,80,,,,,,,,,
,00:00:09,81,,,,,,,,,
,00:00:10,82,,,,,,,,,
,00:00:11,84,,,,,,,,,
,00:00:12,88,,,,,,,,,
,00:00:13,89,,,,,,,,,
,00:00:14,92,,,,,,,,,
,00:00:15,95,,,,,,,,,
,00:00:16,97,,,,,,,,,
,00:00:17,98,,,,,,,,,
,00:00:18,100,,,,,,,,,
,00:00:19,103,,,,,,,,,
,00:00:20,104,,,,,,,,,
,00:00:21,104,,,,,,,,,
,00:00:22,104,,,,,,,,,
,00:00:23,104,,,,,,,,,
,00:00:24,103,,,,,,,,,
,00:00:25,100,,,,,,,,,
,00:00:26,99,,,,,,,,,
,00:00:27,97,,,,,,,,,
,00:00:28,96,,,,,,,,,
,00:00:29,96,,,,,,,,,
,00:00:30,96,,,,,,,,,
,00:00:31,96,,,,,,,,,
,00:00:32,97,,,,,,,,,
,00:00:33,97,,,,,,,,,
,00:00:34,97,,,,,,,,,
,00:00:35,98,,,,,,,,,
,00:00:36,98,,,,,,,,,
,00:00:37,98,,,,,,,,,
,00:00:38,97,,,,,,,,,
,00:00:39,97,,,,,,,,,
,00:00:40,96,,,,,,,,,
,00:00:41,96,,,,,,,,,
,00:00:42,96,,,,,,,,,
,00:00:43,96,,,,,,,,,
,00:00:44,96,,,,,,,,,
,00:00:45,95,,,,,,,,,
,00:00:46,95,,,,,,,,,
,00:00:47,96,,,,,,,,,
,00:00:48,97,,,,,,,,,
,00:00:49,97,,,,,,,,,
,00:00:50,96,,,,,,,,,
,00:00:51,96,,,,,,,,,
,00:00:52,94,,,,,,,,,
,00:00:53,94,,,,,,,,,
,00:00:54,92,,,,,,,,,
,00:00:55,92,,,,,,,,,
,00:00:56,91,,,,,,,,,
,00:00:57,91,,,,,,,,,
,00:00:58,91,,,,,,,,,
,00:00:59,92,,,,,,,,,
,00:01:00,92,,,,,,,,,
,00:01:01,93,,,,,,,,,
,00:01:02,93,,,,,,,,,
,00:01:03,93,,,,,,,,,
,00:01:04,93,,,,,,,,,
,00:01:05,92,,,,,,,,,
,00:01:06,92,,,,,,,,,
,00:01:07,92,,,,,,,,,
,00:01:08,93,,,,,,,,,
,00:01:09,94,,,,,,,,,
,00:01:10,95,,,,,,,,,
,00:01:11,96,,,,,,,,,
,00:01:12,96,,,,,,,,,
,00:01:13,96,,,,,,,,,
,00:01:14,95,,,,,,,,,
,00:01:15,96,,,,,,,,,
,00:01:16,97,,,,,,,,,
,00:01:17,98,,,,,,,,,
,00:01:18,100,,,,,,,,,
,00:01:19,102,,,,,,,,,
,00:01:20,103,,,,,,,,,
,00:01:21,103,,,,,,,,,
,00:01:22,103,,,,,,,,,
,00:01:23,104,,,,,,,,,
,00:01:24,105,,,,,,,,,
,00:01:25,105,,,,,,,,,
,00:01:26,103,,,,,,,,,
,00:01:27,102,,,,,,,,,
,00:01:28,101,,,,,,,,,
,00:01:29,100,,,,,,,,,
,00:01:30,100,,,,,,,,,
,00:01:31,99,,,,,,,,,
,00:01:32,99,,,,,,,,,
,00:01:33,99,,,,,,,,,
,00:01:34,98,,,,,,,,,
,00:01:35,98,,,,,,,,,
,00:01:36,98,,,,,,,,,
,00:01:37,98,,,,,,,,,
,00:01:38,97,,,,,,,,,
,00:01:39,97,,,,,,,,,
,00:01:40,98,,,,,,,,,
,00:01:41,99,,,,,,,,,
,00:01:42,100,,,,,,,,,
,00:01:43,101,,,,,,,,,
,00:01:44,100,,,,,,,,,
,00:01:45,99,,,,,,,,,
,00:01:46,97,,,,,,,,,
,00:01:47,96,,,,,,,,,
,00:01:48,95,,,,,,,,,
,00:01:49,96,,,,,,,,,
,00:01:50,96,,,,,,,,,
,00:01:51,97,,,,,,,,,
,00:01:52,97,,,,,,,,,
,00:01:53,97,,,,,,,,,
,00:01:54,95,,,,,,,,,
,00:01:55,95,,,,,,,,,
,00:01:56,94,,,,,,,,,
,00:01:57,94,,,,,,,,,
,00:01:58,94,,,,,,,,,
,00:01:59,94,,,,,,,,,
,00:02:00,95,,,,,,,,,
,00:02:01,96,,,,,,,,,
,00:02:02,96,,,,,,,,,
,00:02:03,97,,,,,,,,,
,00:02:04,96,,,,,,,,,
,00:02:05,97,,,,,,,,,
,00:02:06,98,,,,,,,,,
,00:02:07,99,,,,,,,,,
,00:02:08,100,,,,,,,,,
,00:02:09,102,,,,,,,,,
,00:02:10,102,,,,,,,,,
,00:02:11,103,,,,,,,,,
,00:02:12,103,,,,,,,,,
,00:02:13,103,,,,,,,,,
,00:02:14,101,,,,,,,,,
,00:02:15,101,,,,,,,,,
,00:02:16,100,,,,,,,,,
,00:02:17,100,,,,,,,,,
,00:02:18,100,,,,,,,,,
,00:02:19,102,,,,,,,,,
,00:02:20,102,,,,,,,,,
,00:02:21,102,,,,,,,,,
,00:02:22,103,,,,,,,,,
,00:02:23,104,,,,,,,,,
,00:02:24,105,,,,,,,,,
,00:02:25,107,,,,,,,,,
,00:02:26,110,,,,,,,,,
,00:02:27,112,,,,,,,,,
,00:02:28,115,,,,,,,,,
,00:02:29,117,,,,,,,,,
,00:02:30,119,,,,,,,,,
,00:02:31,121,,,,,,,,,
,00:02:32,123,,,,,,,,,
,00:02:33,125,,,,,,,,,
,00:02:34,128,,,,,,,,,
,00:02:35,130,,,,,,,,,
,00:02:36,131,,,,,,,,,
,00:02:37,131,,,,,,,,,
,00:02:38,132,,,,,,,,,
,00:02:39,133,,,,,,,,,
,00:02:40,134,,,,,,,,,
,00:02:41,135,,,,,,,,,
,00:02:42,136,,,,,,,,,
,00:02:43,136,,,,,,,,,
,00:02:44,136,,,,,,,,,
,00:02:45,136,,,,,,,,,
,00:02:46,137,,,,,,,,,
,00:02:47,136,,,,,,,,,
,00:02:48,136,,,,,,,,,
,00:02:49,135,,,,,,,,,
,00:02:50,134,,,,,,,,,
,00:02:51,132,,,,,,,,,
,00:02:52,130,,,,,,,,,
,00:02:53,127,,,,,,,,,
,00:02:54,127,,,,,,,,,
,00:02:55,127,,,,,,,,,
,00:02:56,128,,,,,,,,,
,00:02:57,129,,,,,,,,,
,00:02:58,130,,,,,,,,,
,00:02:59,130,,,,,,,,,
,00:03:00,132,,,,,,,,,
,00:03:01,133,,,,,,,,,
,00:03:02,133,,,,,,,,,
,00:03:03,134,,,,,,,,,
,00:03:04,135,,,,,,,,,
,00:03:05,136,,,,,,,,,
,00:03:06,138,,,,,,,,,
,00:03:07,138,,,,,,,,,
,00:03:08,140,,,,,,,,,
,00:03:09,141,,,,,,,,,
,00:03:10,141,,,,,,,,,
,00:03:11,142,,,,,,,,,
,00:03:12,143,,,,,,,,,
,00:03:13,144,,,,,,,,,
,00:03:14,146,,,,,,,,,
,00:03:15,147,,,,,,,,,
,00:03:16,147,,,,,,,,,
,00:03:17,148,,,,,,,,,
,00:03:18,148,,,,,,,,,
,00:03:19,149,,,,,,,,,
,00:03:20,150,,,,,,,,,
,00:03:21,151,,,,,,,,,
,00:03:22,151,,,,,,,,,
,00:03:23,151,,,,,,,,,
,00:03:24,151,,,,,,,,,
,00:03:25,151,,,,,,,,,
,00:03:26,152,,,,,,,,,
,00:03:27,152,,,,,,,,,
,00:03:28,152,,,,,,,,,
,00:03:29,152,,,,,,,,,
,00:03:30,152,,,,,,,,,
,00:03:31,152,,,,,,,,,
,00:03:32,152,,,,,,,,,
,00:03:33,152,,,,,,,,,
,00:03:34,152,,,,,,,,,
,00:03:35,152,,,,,,,,,
,00:03:36,152,,,,,,,,,
,00:03:37,154,,,,,,,,,
,00:03:38,156,,,,,,,,,
,00:03:39,157,,,,,,,,,
,00:03:40,158,,,,,,,,,
,00:03:41,158,,,,,,,,,
,00:03:42,159,,,,,,,,,
,00:03:43,159,,,,,,,,,
,00:03:44,159,,,,,,,,,
,00:03:45,159,,,,,,,,,
,00:03:46,159,,,,,,,,,
,00:03:47,159,,,,,,,,,
,00:03:48,159,,,,,,,,,
,00:03:49,159,,,,,,,,,
,00:03:50,159,,,,,,,,,
,00:03:51,159,,,,,,,,,
,00:03:52,159,,,,,,,,,
,00:03:53,159,,,,,,,,,
,00:03:54,159,,,,,,,,,
,00:03:55,159,,,,,,,,,
,00:03:56,159,,,,,,,,,
,00:03:57,159,,,,,,,,,
,00:03:58,159,,,,,,,,,
,00:03:59,159,,,,,,,,,
,00:04:00,159,,,,,,,,,
,00:04:01,159,,,,,,,,,
,00:04:02,159,,,,,,,,,
,00:04:03,159,,,,,,,,,
,00:04:04,159,,,,,,,,,
,00:04:05,157,,,,,,,,,
,00:04:06,157,,,,,,,,,
,00:04:07,157,,,,,,,,,
,00:04:08,156,,,,,,,,,
,00:04:09,156,,,,,,,,,
,00:04:10,156,,,,,,,,,
,00:04:11,156,,,,,,,,,
,00:04:12,157,,,,,,,,,
,00:04:13,157,,,,,,,,,
,00:04:14,157,,,,,,,,,
,00:04:15,157,,,,,,,,,
,00:04:16,156,,,,,,,,,
,00:04:17,156,,,,,,,,,
,00:04:18,156,,,,,,,,,
,00:04:19,156,,,,,,,,,
,00:04:20,156,,,,,,,,,
,00:04:21,158,,,,,,,,,
,00:04:22,159,,,,,,,,,
,00:04:23,159,,,,,,,,,
,00:04:24,160,,,,,,,,,
,00:04:25,160,,,,,,,,,
,00:04:26,159,,,,,,,,,
,00:04:27,159,,,,,,,,,
,00:04:28,159,,,,,,,,,
,00:04:29,159,,,,,,,,,
,00:04:30,159,,,,,,,,,
,00:04:31,159,,,,,,,,,
,00:04:32,159,,,,,,,,,
,00:04:33,159,,,,,,,,,
,00:04:34,159,,,,,,,,,
,00:04:35,159,,,,,,,,,
,00:04:36,159,,,,,,,,,
,00:04:37,159,,,,,,,,,
,00:04:38,156,,,,,,,,,
,00:04:39,154,,,,,,,,,
,00:04:40,153,,,,,,,,,
,00:04:41,152,,,,,,,,,
,00:04:42,152,,,,,,,,,
,00:04:43,151,,,,,,,,,
,00:04:44,151,,,,,,,,,
,00:04:45,152,,,,,,,,,
,00:04:46,152,,,,,,,,,
,00:04:47,152,,,,,,,,,
,00:04:48,152,,,,,,,,,
,00:04:49,152,,,,,,,,,
,00:04:50,153,,,,,,,,,
,00:04:51,153,,,,,,,,,
,00:04:52,153,,,,,,,,,
,00:04:53,153,,,,,,,,,
,00:04:54,153,,,,,,,,,
,00:04:55,153,,,,,,,,,
,00:04:56,153,,,,,,,,,
,00:04:57,153,,,,,,,,,
,00:04:58,153,,,,,,,,,
,00:04:59,152,,,,,,,,,
,00:05:00,151,,,,,,,,,
,00:05:01,150,,,,,,,,,
,00:05:02,150,,,,,,,,,
,00:05:03,150,,,,,,,,,
,00:05:04,150,,,,,,,,,
,00:05:05,150,,,,,,,,,
,00:05:06,151,,,,,,,,,
,00:05:07,151,,,,,,,,,
,00:05:08,151,,,,,,,,,
,00:05:09,152,,,,,,,,,
,00:05:10,152,,,,,,,,,
,00:05:11,152,,,,,,,,,
,00:05:12,152,,,,,,,,,
,00:05:13,152,,,,,,,,,
,00:05:14,153,,,,,,,,,
,00:05:15,153,,,,,,,,,
,00:05:16,153,,,,,,,,,
,00:05:17,153,,,,,,,,,
,00:05:18,154,,,,,,,,,
,00:05:19,154,,,,,,,,,
,00:05:20,154,,,,,,,,,
,00:05:21,155,,,,,,,,,
,00:05:22,155,,,,,,,,,
,00:05:23,155,,,,,,,,,
,00:05:24,156,,,,,,,,,
,00:05:25,157,,,,,,,,,
,00:05:26,157,,,,,,,,,
,00:05:27,158,,,,,,,,,
,00:05:28,158,,,,,,,,,
,00:05:29,159,,,,,,,,,
,00:05:30,159,,,,,,,,,
,00:05:31,159,,,,,,,,,
,00:05:32,159,,,,,,,,,
,00:05:33,159,,,,,,,,,
,00:05:34,159,,,,,,,,,
,00:05:35,160,,,,,,,,,
,00:05:36,160,,,,,,,,,
,00:05:37,160,,,,,,,,,
,00:05:38,160,,,,,,,,,
,00:05:39,160,,,,,,,,,
,00:05:40,160,,,,,,,,,
,00:05:41,161,,,,,,,,,
,00:05:42,161,,,,,,,,,
,00:05:43,161,,,,,,,,,
,00:05:44,161,,,,,,,,,
,00:05:45,161,,,,,,,,,
,00:05:46,161,,,,,,,,,
,00:05:47,162,,,,,,,,,
,00:05:48,162,,,,,,,,,
,00:05:49,162,,,,,,,,,
,00:05:50,162,,,,,,,,,
,00:05:51,162,,,,,,,,,
,00:05:52,160,,,,,,,,,
,00:05:53,157,,,,,,,,,
,00:05:54,156,,,,,,,,,
,00:05:55,155,,,,,,,,,
,00:05:56,154,,,,,,,,,
,00:05:57,153,,,,,,,,,
,00:05:58,153,,,,,,,,,
,00:05:59,154,,,,,,,,,
,00:06:00,155,,,,,,,,,
,00:06:01,155,,,,,,,,,
,00:06:02,155,,,,,,,,,
,00:06:03,155,,,,,,,,,
,00:06:04,156,,,,,,,,,
,00:06:05,156,,,,,,,,,
,00:06:06,156,,,,,,,,,
,00:06:07,156,,,,,,,,,
,00:06:08,156,,,,,,,,,
,00:06:09,157,,,,,,,,,
,00:06:10,157,,,,,,,,,
,00:06:11,157,,,,,,,,,
,00:06:12,158,,,,,,,,,
,00:06:13,159,,,,,,,,,
,00:06:14,159,,,,,,,,,
,00:06:15,159,,,,,,,,,
,00:06:16,160,,,,,,,,,
,00:06:17,160,,,,,,,,,
,00:06:18,160,,,,,,,,,
,00:06:19,160,,,,,,,,,
,00:06:20,160,,,,,,,,,
,00:06:21,160,,,,,,,,,
,00:06:22,160,,,,,,,,,
,00:06:23,161,,,,,,,,,
,00:06:24,161,,,,,,,,,
,00:06:25,161,,,,,,,,,
,00:06:26,160,,,,,,,,,
,00:06:27,159,,,,,,,,,
,00:06:28,159,,,,,,,,,
,00:06:29,159,,,,,,,,,
,00:06:30,159,,,,,,,,,
,00:06:31,159,,,,,,,,,
,00:06:32,159,,,,,,,,,
,00:06:33,159,,,,,,,,,
,00:06:34,159,,,,,,,,,
,00:06:35,160,,,,,,,,,
,00:06:36,160,,,,,,,,,
,00:06:37,160,,,,,,,,,
,00:06:38,160,,,,,,,,,
,00:06:39,160,,,,,,,,,
,00:06:40,160,,,,,,,,,
,00:06:41,160,,,,,,,,,
,00:06:42,161,,,,,,,,,
,00:06:43,161,,,,,,,,,
,00:06:44,162,,,,,,,,,
,00:06:45,162,,,,,,,,,
,00:06:46,162,,,,,,,,,
,00:06:47,162,,,,,,,,,
,00:06:48,162,,,,,,,,,
,00:06:49,163,,,,,,,,,
,00:06:50,163,,,,,,,,,
,00:06:51,163,,,,,,,,,
,00:06:52,163,,,,,,,,,
,00:06:53,163,,,,,,,,,
,00:06:54,163,,,,,,,,,
,00:06:55,163,,,,,,,,,
,00:06:56,163,,,,,,,,,
,00:06:57,163,,,,,,,,,
,00:06:58,161,,,,,,,,,
,00:06:59,161,,,,,,,,,
,00:07:00,160,,,,,,,,,
,00:07:01,160,,,,,,,,,
,00:07:02,160,,,,,,,,,
,00:07:03,160,,,,,,,,,
,00:07:04,160,,,,,,,,,
,00:07:05,160,,,,,,,,,
,00:07:06,160,,,,,,,,,
,00:07:07,160,,,,,,,,,
,00:07:08,160,,,,,,,,,
,00:07:09,158,,,,,,,,,
,00:07:10,156,,,,,,,,,
,00:07:11,156,,,,,,,,,
,00:07:12,156,,,,,,,,,
,00:07:13,155,,,,,,,,,
,00:07:14,154,,,,,,,,,
,00:07:15,154,,,,,,,,,
,00:07:16,154,,,,,,,,,
,00:07:17,154,,,,,,,,,
,00:07:18,154,,,,,,,,,
,00:07:19,154,,,,,,,,,
,00:07:20,154,,,,,,,,,
,00:07:21,155,,,,,,,,,
,00:07:22,160,,,,,,,,,
,00:07:23,162,,,,,,,,,
,00:07:24,164,,,,,,,,,
,00:07:25,164,,,,,,,,,
,00:07:26,164,,,,,,,,,
,00:07:27,164,,,,,,,,,
,00:07:28,164,,,,,,,,,
,00:07:29,163,,,,,,,,,
,00:07:30,163,,,,,,,,,
,00:07:31,163,,,,,,,,,
,00:07:32,163,,,,,,,,,
,00:07:33,163,,,,,,,,,
,00:07:34,162,,,,,,,,,
,00:07:35,161,,,,,,,,,
,00:07:36,162,,,,,,,,,
,00:07:37,162,,,,,,,,,
,00:07:38,161,,,,,,,,,
,00:07:39,161,,,,,,,,,
,00:07:40,161,,,,,,,,,
,00:07:41,161,,,,,,,,,
,00:07:42,162,,,,,,,,,
,00:07:43,162,,,,,,,,,
,00:07:44,162,,,,,,,,,
,00:07:45,162,,,,,,,,,
,00:07:46,162,,,,,,,,,
,00:07:47,162,,,,,,,,,
,00:07:48,162,,,,,,,,,
,00:07:49,162,,,,,,,,,
,00:07:50,162,,,,,,,,,
,00:07:51,162,,,,,,,,,
,00:07:52,162,,,,,,,,,
,00:07:53,162,,,,,,,,,
,00:07:54,162,,,,,,,,,
,00:07:55,162,,,,,,,,,
,00:07:56,162,,,,,,,,,
,00:07:57,161,,,,,,,,,
,00:07:58,161,,,,,,,,,
,00:07:59,161,,,,,,,,,
,00:08:00,161,,,,,,,,,
,00:08:01,161,,,,,,,,,
,00:08:02,161,,,,,,,,,
,00:08:03,161,,,,,,,,,
,00:08:04,161,,,,,,,,,
,00:08:05,159,,,,,,,,,
,00:08:06,159,,,,,,,,,
,00:08:07,158,,,,,,,,,
,00:08:08,156,,,,,,,,,
,00:08:09,157,,,,,,,,,
,00:08:10,159,,,,,,,,,
,00:08:11,160,,,,,,,,,
,00:08:12,160,,,,,,,,,
,00:08:13,160,,,,,,,,,
,00:08:14,160,,,,,,,,,
,00:08:15,161,,,,,,,,,
,00:08:16,162,,,,,,,,,
,00:08:17,159,,,,,,,,,
,00:08:18,157,,,,,,,,,
,00:08:19,156,,,,,,,,,
,00:08:20,155,,,,,,,,,
,00:08:21,155,,,,,,,,,
,00:08:22,155,,,,,,,,,
,00:08:23,155,,,,,,,,,
,00:08:24,155,,,,,,,,,
,00:08:25,155,,,,,,,,,
,00:08:26,156,,,,,,,,,
,00:08:27,157,,,,,,,,,
,00:08:28,158,,,,,,,,,
,00:08:29,158,,,,,,,,,
,00:08:30,159,,,,,,,,,
,00:08:31,159,,,,,,,,,
,00:08:32,160,,,,,,,,,
,00:08:33,160,,,,,,,,,
,00:08:34,161,,,,,,,,,
,00:08:35,161,,,,,,,,,
,00:08:36,162,,,,,,,,,
,00:08:37,162,,,,,,,,,
,00:08:38,163,,,,,,,,,
,00:08:39,163,,,,,,,,,
,00:08:40,164,,,,,,,,,
,00:08:41,164,,,,,,,,,
,00:08:42,165,,,,,,,,,
,00:08:43,166,,,,,,,,,
,00:08:44,166,,,,,,,,,
,00:08:45,166,,,,,,,,,
,00:08:46,166,,,,,,,,,
,00:08:47,167,,,,,,,,,
,00:08:48,167,,,,,,,,,
,00:08:49,166,,,,,,,,,
,00:08:50,166,,,,,,,,,
,00:08:51,165,,,,,,,,,
,00:08:52,165,,,,,,,,,
,00:08:53,165,,,,,,,,,
,00:08:54,164,,,,,,,,,
,00:08:55,163,,,,,,,,,
,00:08:56,161,,,,,,,,,
,00:08:57,161,,,,,,,,,
,00:08:58,160,,,,,,,,,
,00:08:59,159,,,,,,,,,
,00:09:00,159,,,,,,,,,
,00:09:01,159,,,,,,,,,
,00:09:02,158,,,,,,,,,
,00:09:03,158,,,,,,,,,
,00:09:04,157,,,,,,,,,
,00:09:05,157,,,,,,,,,
,00:09:06,156,,,,,,,,,
,00:09:07,157,,,,,,,,,
,00:09:08,156,,,,,,,,,
,00:09:09,157,,,,,,,,,
,00:09:10,158,,,,,,,,,
,00:09:11,158,,,,,,,,,
,00:09:12,158,,,,,,,,,
,00:09:13,159,,,,,,,,,
,00:09:14,159,,,,,,,,,
,00:09:15,159,,,,,,,,,
,00:09:16,158,,,,,,,,,
,00:09:17,156,,,,,,,,,
,00:09:18,156,,,,,,,,,
,00:09:19,156,,,,,,,,,
,00:09:20,155,,,,,,,,,
,00:09:21,155,,,,,,,,,
,00:09:22,155,,,,,,,,,
,00:09:23,155,,,,,,,,,
,00:09:24,155,,,,,,,,,
,00:09:25,155,,,,,,,,,
,00:09:26,155,,,,,,,,,
,00:09:27,155,,,,,,,,,
,00:09:28,155,,,,,,,,,
,00:09:29,155,,,,,,,,,
,00:09:30,155,,,,,,,,,
,00:09:31,155,,,,,,,,,
,00:09:32,155,,,,,,,,,
,00:09:33,155,,,,,,,,,
,00:09:34,155,,,,,,,,,
,00:09:35,155,,,,,,,,,
,00:09:36,155,,,,,,,,,
,00:09:37,155,,,,,,,,,
,00:09:38,155,,,,,,,,,
,00:09:39,159,,,,,,,,,
,00:09:40,162,,,,,,,,,
,00:09:41,164,,,,,,,,,
,00:09:42,164,,,,,,,,,
,00:09:43,164,,,,,,,,,
,00:09:44,163,,,,,,,,,
,00:09:45,163,,,,,,,,,
,00:09:46,163,,,,,,,,,
,00:09:47,163,,,,,,,,,
,00:09:48,162,,,,,,,,,
,00:09:49,162,,,,,,,,,
,00:09:50,161,,,,,,,,,
,00:09:51,161,,,,,,,,,
,00:09:52,161,,,,,,,,,
,00:09:53,161,,,,,,,,,
,00:09:54,162,,,,,,,,,
,00:09:55,162,,,,,,,,,
,00:09:56,162,,,,,,,,,
,00:09:57,162,,,,,,,,,
,00:09:58,163,,,,,,,,,
,00:09:59,164,,,,,,,,,
,00:10:00,164,,,,,,,,,
,00:10:01,165,,,,,,,,,
,00:10:02,165,,,,,,,,,
,00:10:03,165,,,,,,,,,
,00:10:04,166,,,,,,,,,
,00:10:05,165,,,,,,,,,
,00:10:06,164,,,,,,,,,
,00:10:07,164,,,,,,,,,
,00:10:08,162,,,,,,,,,
,00:10:09,162,,,,,,,,,
,00:10:10,162,,,,,,,,,
,00:10:11,161,,,,,,,,,
,00:10:12,161,,,,,,,,,
,00:10:13,161,,,,,,,,,
,00:10:14,162,,,,,,,,,
,00:10:15,163,,,,,,,,,
,00:10:16,163,,,,,,,,,
,00:10:17,163,,,,,,,,,
,00:10:18,164,,,,,,,,,
,00:10:19,164,,,,,,,,,
,00:10:20,164,,,,,,,,,
,00:10:21,164,,,,,,,,,
,00:10:22,164,,,,,,,,,
,00:10:23,164,,,,,,,,,
,00:10:24,164,,,,,,,,,
,00:10:25,165,,,,,,,,,
,00:10:26,165,,,,,,,,,
,00:10:27,165,,,,,,,,,
,00:10:28,166,,,,,,,,,
,00:10:29,166,,,,,,,,,
,00:10:30,165,,,,,,,,,
,00:10:31,165,,,,,,,,,
,00:10:32,165,,,,,,,,,
,00:10:33,164,,,,,,,,,
,00:10:34,164,,,,,,,,,
,00:10:35,163,,,,,,,,,
,00:10:36,162,,,,,,,,,
,00:10:37,160,,,,,,,,,
,00:10:38,160,,,,,,,,,
,00:10:39,160,,,,,,,,,
,00:10:40,159,,,,,,,,,
,00:10:41,160,,,,,,,,,
,00:10:42,159,,,,,,,,,
,00:10:43,160,,,,,,,,,
,00:10:44,160,,,,,,,,,
,00:10:45,160,,,,,,,,,
,00:10:46,160,,,,,,,,,
,00:10:47,160,,,,,,,,,
,00:10:48,160,,,,,,,,,
,00:10:49,161,,,,,,,,,
,00:10:50,161,,,,,,,,,
,00:10:51,161,,,,,,,,,
,00:10:52,161,,,,,,,,,
,00:10:53,162,,,,,,,,,
,00:10:54,162,,,,,,,,,
,00:10:55,162,,,,,,,,,
,00:10:56,162,,,,,,,,,
,00:10:57,161,,,,,,,,,
,00:10:58,161,,,,,,,,,
,00:10:59,160,,,,,,,,,
,00:11:00,160,,,,,,,,,
,00:11:01,159,,,,,,,,,
,00:11:02,158,,,,,,,,,
,00:11:03,158,,,,,,,,,
,00:11:04,157,,,,,,,,,
,00:11:05,156,,,,,,,,,
,00:11:06,156,,,,,,,,,
,00:11:07,156,,,,,,,,,
,00:11:08,156,,,,,,,,,
,00:11:09,157,,,,,,,,,
,00:11:10,157,,,,,,,,,
,00:11:11,157,,,,,,,,,
,00:11:12,158,,,,,,,,,
,00:11:13,159,,,,,,,,,
,00:11:14,159,,,,,,,,,
,00:11:15,159,,,,,,,,,
,00:11:16,160,,,,,,,,,
,00:11:17,160,,,,,,,,,
,00:11:18,160,,,,,,,,,
,00:11:19,161,,,,,,,,,
,00:11:20,161,,,,,,,,,
,00:11:21,160,,,,,,,,,
,00:11:22,160,,,,,,,,,
,00:11:23,160,,,,,,,,,
,00:11:24,159,,,,,,,,,
,00:11:25,159,,,,,,,,,
,00:11:26,159,,,,,,,,,
,00:11:27,158,,,,,,,,,
,00:11:28,158,,,,,,,,,
,00:11:29,156,,,,,,,,,
,00:11:30,155,,,,,,,,,
,00:11:31,155,,,,,,,,,
,00:11:32,156,,,,,,,,,
,00:11:33,156,,,,,,,,,
,00:11:34,156,,,,,,,,,
,00:11:35,156,,,,,,,,,
,00:11:36,156,,,,,,,,,
,00:11:37,157,,,,,,,,,
,00:11:38,157,,,,,,,,,
,00:11:39,158,,,,,,,,,
,00:11:40,159,,,,,,,,,
,00:11:41,160,,,,,,,,,
,00:11:42,161,,,,,,,,,
,00:11:43,161,,,,,,,,,
,00:11:44,162,,,,,,,,,
,00:11:45,162,,,,,,,,,
,00:11:46,163,,,,,,,,,
,00:11:47,164,,,,,,,,,
,00:11:48,165,,,,,,,,,
,00:11:49,166,,,,,,,,,
,00:11:50,166,,,,,,,,,
,00:11:51,167,,,,,,,,,
,00:11:52,166,,,,,,,,,
,00:11:53,167,,,,,,,,,
,00:11:54,167,,,,,,,,,
,00:11:55,167,,,,,,,,,
,00:11:56,167,,,,,,,,,
,00:11:57,167,,,,,,,,,
,00:11:58,167,,,,,,,,,
,00:11:59,166,,,,,,,,,
,00:12:00,166,,,,,,,,,
,00:12:01,166,,,,,,,,,
,00:12:02,166,,,,,,,,,
,00:12:03,165,,,,,,,,,
,00:12:04,164,,,,,,,,,
,00:12:05,163,,,,,,,,,
,00:12:06,162,,,,,,,,,
,00:12:07,161,,,,,,,,,
,00:12:08,161,,,,,,,,,
,00:12:09,161,,,,,,,,,
,00:12:10,161,,,,,,,,,
,00:12:11,161,,,,,,,,,
,00:12:12,161,,,,,,,,,
,00:12:13,161,,,,,,,,,
,00:12:14,161,,,,,,,,,
,00:12:15,161,,,,,,,,,
,00:12:16,161,,,,,,,,,
,00:12:17,161,,,,,,,,,
,00:12:18,162,,,,,,,,,
,00:12:19,162,,,,,,,,,
,00:12:20,162,,,,,,,,,
,00:12:21,162,,,,,,,,,
,00:12:22,163,,,,,,,,,
,00:12:23,164,,,,,,,,,
,00:12:24,164,,,,,,,,,
,00:12:25,165,,,,,,,,,
,00:12:26,165,,,,,,,,,
,00:12:27,166,,,,,,,,,
,00:12:28,166,,,,,,,,,
,00:12:29,166,,,,,,,,,
,00:12:30,167,,,,,,,,,
,00:12:31,166,,,,,,,,,
,00:12:32,166,,,,,,,,,
,00:12:33,165,,,,,,,,,
,00:12:34,164,,,,,,,,,
,00:12:35,164,,,,,,,,,
,00:12:36,163,,,,,,,,,
,00:12:37,162,,,,,,,,,
,00:12:38,162,,,,,,,,,
,00:12:39,161,,,,,,,,,
,00:12:40,161,,,,,,,,,
,00:12:41,160,,,,,,,,,
,00:12:42,160,,,,,,,,,
,00:12:43,161,,,,,,,,,
,00:12:44,162,,,,,,,,,
,00:12:45,162,,,,,,,,,
,00:12:46,163,,,,,,,,,
,00:12:47,163,,,,,,,,,
,00:12:48,164,,,,,,,,,
,00:12:49,164,,,,,,,,,
,00:12:50,165,,,,,,,,,
,00:12:51,167,,,,,,,,,
,00:12:52,167,,,,,,,,,
,00:12:53,167,,,,,,,,,
,00:12:54,167,,,,,,,,,
,00:12:55,167,,,,,,,,,
,00:12:56,168,,,,,,,,,
,00:12:57,168,,,,,,,,,
,00:12:58,168,,,,,,,,,
,00:12:59,169,,,,,,,,,
,00:13:00,169,,,,,,,,,
,00:13:01,169,,,,,,,,,
,00:13:02,170,,,,,,,,,
,00:13:03,169,,,,,,,,,
,00:13:04,169,,,,,,,,,
,00:13:05,168,,,,,,,,,
,00:13:06,168,,,,,,,,,
,00:13:07,168,,,,,,,,,
,00:13:08,168,,,,,,,,,
,00:13:09,168,,,,,,,,,
,00:13:10,167,,,,,,,,,
,00:13:11,167,,,,,,,,,
,00:13:12,167,,,,,,,,,
,00:13:13,167,,,,,,,,,
,00:13:14,167,,,,,,,,,
,00:13:15,167,,,,,,,,,
,00:13:16,167,,,,,,,,,
,00:13:17,167,,,,,,,,,
,00:13:18,167,,,,,,,,,
,00:13:19,167,,,,,,,,,
,00:13:20,167,,,,,,,,,
,00:13:21,167,,,,,,,,,
,00:13:22,167,,,,,,,,,
,00:13:23,167,,,,,,,,,
,00:13:24,167,,,,,,,,,
,00:13:25,167,,,,,,,,,
,00:13:26,166,,,,,,,,,
,00:13:27,166,,,,,,,,,
,00:13:28,166,,,,,,,,,
,00:13:29,166,,,,,,,,,
,00:13:30,166,,,,,,,,,
,00:13:31,166,,,,,,,,,
,00:13:32,167,,,,,,,,,
,00:13:33,167,,,,,,,,,
,00:13:34,167,,,,,,,,,
,00:13:35,168,,,,,,,,,
,00:13:36,169,,,,,,,,,
,00:13:37,169,,,,,,,,,
,00:13:38,168,,,,,,,,,
,00:13:39,168,,,,,,,,,
,00:13:40,168,,,,,,,,,
,00:13:41,168,,,,,,,,,
,00:13:42,168,,,,,,,,,
,00:13:43,168,,,,,,,,,
,00:13:44,168,,,,,,,,,
,00:13:45,168,,,,,,,,,
,00:13:46,168,,,,,,,,,
,00:13:47,168,,,,,,,,,
,00:13:48,168,,,,,,,,,
,00:13:49,169,,,,,,,,,
,00:13:50,169,,,,,,,,,
,00:13:51,169,,,,,,,,,
,00:13:52,169,,,,,,,,,
,00:13:53,170,,,,,,,,,
,00:13:54,170,,,,,,,,,
,00:13:55,170,,,,,,,,,
,00:13:56,171,,,,,,,,,
,00:13:57,171,,,,,,,,,
,00:13:58,171,,,,,,,,,
,00:13:59,172,,,,,,,,,
,00:14:00,172,,,,,,,,,
,00:14:01,172,,,,,,,,,
,00:14:02,172,,,,,,,,,
,00:14:03,172,,,,,,,,,
,00:14:04,172,,,,,,,,,
,00:14:05,173,,,,,,,,,
,00:14:06,172,,,,,,,,,
,00:14:07,172,,,,,,,,,
,00:14:08,172,,,,,,,,,
,00:14:09,172,,,,,,,,,
,00:14:10,171,,,,,,,,,
,00:14:11,170,,,,,,,,,
,00:14:12,170,,,,,,,,,
,00:14:13,170,,,,,,,,,
,00:14:14,170,,,,,,,,,
,00:14:15,170,,,,,,,,,
,00:14:16,170,,,,,,,,,
,00:14:17,171,,,,,,,,,
,00:14:18,171,,,,,,,,,
,00:14:19,171,,,,,,,,,
,00:14:20,171,,,,,,,,,
,00:14:21,172,,,,,,,,,
,00:14:22,173,,,,,,,,,
,00:14:23,173,,,,,,,,,
,00:14:24,173,,,,,,,,,
,00:14:25,173,,,,,,,,,
,00:14:26,173,,,,,,,,,
,00:14:27,173,,,,,,,,,
,00:14:28,173,,,,,,,,,
,00:14:29,173,,,,,,,,,
,00:14:30,173,,,,,,,,,
,00:14:31,173,,,,,,,,,
,00:14:32,173,,,,,,,,,
,00:14:33,173,,,,,,,,,
,00:14:34,173,,,,,,,,,
,00:14:35,175,,,,,,,,,
,00:14:36,176,,,,,,,,,
,00:14:37,177,,,,,,,,,
,00:14:38,176,,,,,,,,,
,00:14:39,176,,,,,,,,,
,00:14:40,176,,,,,,,,,
,00:14:41,176,,,,,,,,,
,00:14:42,176,,,,,,,,,
,00:14:43,175,,,,,,,,,
,00:14:44,174,,,,,,,,,
,00:14:45,174,,,,,,,,,
,00:14:46,174,,,,,,,,,
,00:14:47,174,,,,,,,,,
,00:14:48,173,,,,,,,,,
,00:14:49,173,,,,,,,,,
,00:14:50,172,,,,,,,,,
,00:14:51,172,,,,,,,,,
,00:14:52,172,,,,,,,,,
,00:14:53,172,,,,,,,,,
,00:14:54,171,,,,,,,,,
,00:14:55,170,,,,,,,,,
,00:14:56,170,,,,,,,,,
,00:14:57,170,,,,,,,,,
,00:14:58,170,,,,,,,,,
,00:14:59,170,,,,,,,,,
,00:15:00,170,,,,,,,,,
,00:15:01,170,,,,,,,,,
,00:15:02,170,,,,,,,,,
,00:15:03,170,,,,,,,,,
,00:15:04,170,,,,,,,,,
,00:15:05,170,,,,,,,,,
,00:15:06,170,,,,,,,,,
,00:15:07,170,,,,,,,,,
,00:15:08,170,,,,,,,,,
,00:15:09,170,,,,,,,,,
,00:15:10,170,,,,,,,,,
,00:15:11,170,,,,,,,,,
,00:15:12,167,,,,,,,,,
,00:15:13,164,,,,,,,,,
,00:15:14,162,,,,,,,,,
,00:15:15,157,,,,,,,,,
,00:15:16,154,,,,,,,,,
,00:15:17,152,,,,,,,,,
,00:15:18,151,,,,,,,,,
,00:15:19,151,,,,,,,,,
,00:15:20,151,,,,,,,,,
,00:15:21,152,,,,,,,,,
,00:15:22,153,,,,,,,,,
,00:15:23,153,,,,,,,,,
,00:15:24,154,,,,,,,,,
,00:15:25,154,,,,,,,,,
,00:15:26,154,,,,,,,,,
,00:15:27,153,,,,,,,,,
,00:15:28,153,,,,,,,,,
,00:15:29,152,,,,,,,,,
,00:15:30,151,,,,,,,,,
,00:15:31,150,,,,,,,,,
,00:15:32,149,,,,,,,,,
,00:15:33,148,,,,,,,,,
,00:15:34,147,,,,,,,,,
,00:15:35,146,,,,,,,,,
,00:15:36,146,,,,,,,,,
,00:15:37,145,,,,,,,,,
,00:15:38,144,,,,,,,,,
,00:15:39,143,,,,,,,,,
,00:15:40,141,,,,,,,,,
,00:15:41,140,,,,,,,,,
,00:15:42,140,,,,,,,,,
,00:15:43,141,,,,,,,,,
,00:15:44,141,,,,,,,,,
,00:15:45,141,,,,,,,,,
,00:15:46,140,,,,,,,,,
,00:15:47,139,,,,,,,,,
,00:15:48,139,,,,,,,,,
,00:15:49,139,,,,,,,,,
,00:15:50,138,,,,,,,,,
,00:15:51,138,,,,,,,,,
,00:15:52,138,,,,,,,,,
,00:15:53,137,,,,,,,,,
,00:15:54,135,,,,,,,,,
,00:15:55,134,,,,,,,,,
,00:15:56,134,,,,,,,,,
,00:15:57,133,,,,,,,,,
,00:15:58,133,,,,,,,,,
,00:15:59,134,,,,,,,,,
,00:16:00,134,,,,,,,,,
,00:16:01,135,,,,,,,,,
,00:16:02,135,,,,,,,,,
,00:16:03,134,,,,,,,,,
,00:16:04,134,,,,,,,,,
,00:16:05,134,,,,,,,,,
,00:16:06,134,,,,,,,,,
,00:16:07,134,,,,,,,,,
,00:16:08,134,,,,,,,,,
,00:16:09,134,,,,,,,,,
,00:16:10,134,,,,,,,,,
,00:16:11,133,,,,,,,,,
,00:16:12,132,,,,,,,,,
,00:16:13,131,,,,,,,,,
,00:16:14,129,,,,,,,,,
,00:16:15,128,,,,,,,,,
,00:16:16,126,,,,,,,,,
,00:16:17,125,,,,,,,,,
,00:16:18,124,,,,,,,,,
,00:16:19,123,,,,,,,,,
,00:16:20,123,,,,,,,,,
,00:16:21,122,,,,,,,,,
,00:16:22,122,,,,,,,,,
,00:16:23,121,,,,,,,,,
,00:16:24,121,,,,,,,,,
,00:16:25,121,,,,,,,,,
,00:16:26,121,,,,,,,,,
,00:16:27,123,,,,,,,,,
,00:16:28,123,,,,,,,,,
,00:16:29,122,,,,,,,,,
,00:16:30,121,,,,,,,,,
,00:16:31,120,,,,,,,,,
,00:16:32,119,,,,,,,,,
,00:16:33,119,,,,,,,,,
,00:16:34,119,,,,,,,,,
,00:16:35,120,,,,,,,,,
,00:16:36,120,,,,,,,,,
,00:16:37,120,,,,,,,,,
,00:16:38,119,,,,,,,,,
,00:16:39,118,,,,,,,,,
,00:16:40,117,,,,,,,,,
,00:16:41,115,,,,,,,,,
,00:16:42,114,,,,,,,,,
,00:16:43,114,,,,,,,,,
,00:16:44,113,,,,,,,,,
,00:16:45,113,,,,,,,,,
,00:16:46,113,,,,,,,,,
